Iteration;run_1
0;1.53279
1;1.53987
2;1.54018
3;1.52845
4;1.53182
5;1.55446
6;1.53152
7;1.53992
8;1.52944
9;1.55615
10;1.53704
