SIZE;INCREMENTAL;NO INCREMENTAL
10;31.68359375;16.2734375
20;129.3164063;59.9296875
30;319.4742188;147.015625