Iteration;IDLV;CLASP;WASP;IDLV+CLASP;IDLV+WASP
0;1.53279;0.039;0.04;1.57179;1.57279
1;1.53987;0.041;0.04;1.58087;1.57987
2;1.54018;0.044;0.04;1.58418;1.58018
3;1.52845;0.038;0.04;1.56645;1.56845
4;1.53182;0.045;0.04;1.57682;1.57182
5;1.55446;0.04;0.04;1.59446;1.59446
6;1.53152;0.044;0.04;1.57552;1.57152
7;1.53992;0.044;0.04;1.58392;1.57992
8;1.52944;0.044;0.04;1.57344;1.56944
9;1.55615;0.041;0.04;1.59715;1.59615
